chi,wind_m_s,PPWz,scheme,k_m-1,m_m-1,k_over_m,vertical_wavelength_m,dz_m,analytical_intrinsic_frequency_s-1,numerical_intrinsic_frequency_s-1,relative_intrinsic_frequency_error_pct,stationarity_residual_over_N_pct
0.2,15.0,4,"Non-staggered, second order",0.00016,0.000783836717690617,0.20412414523193154,8015.9364385116505,2003.9841096279126,0.0024000000000000002,0.003663915706895132,52.66315445396382,10.532630890792765
0.2,15.0,4,"Non-staggered, fourth order",0.00016,0.000783836717690617,0.20412414523193154,8015.9364385116505,2003.9841096279126,0.0024000000000000002,0.0028057494390140553,16.906226625585628,3.3812453251171255
0.2,15.0,4,"Compact Pade, fourth order",0.00016,0.000783836717690617,0.20412414523193154,8015.9364385116505,2003.9841096279126,0.0024000000000000002,0.0025084313687639033,4.517973698495961,0.9035947396991922
0.2,15.0,4,"Staggered Lorenz, second order",0.00016,0.000783836717690617,0.20412414523193154,8015.9364385116505,2003.9841096279126,0.0024000000000000002,0.00265335679249054,10.556533020439163,2.1113066040878326
0.2,15.0,6,"Non-staggered, second order",0.00016,0.000783836717690617,0.20412414523193154,8015.9364385116505,1335.9894064186085,0.0024000000000000002,0.0028756205601347764,19.817523338949005,3.9635046677898016
0.2,15.0,6,"Non-staggered, fourth order",0.00016,0.000783836717690617,0.20412414523193154,8015.9364385116505,1335.9894064186085,0.0024000000000000002,0.002483810910655544,3.4921212773143218,0.6984242554628644
0.2,15.0,6,"Compact Pade, fourth order",0.00016,0.000783836717690617,0.20412414523193154,8015.9364385116505,1335.9894064186085,0.0024000000000000002,0.002417655044940409,0.7356268725170291,0.14712537450340585
0.2,15.0,6,"Staggered Lorenz, second order",0.00016,0.000783836717690617,0.20412414523193154,8015.9364385116505,1335.9894064186085,0.0024000000000000002,0.0025084313687639033,4.517973698495961,0.9035947396991922
0.2,15.0,8,"Non-staggered, second order",0.00016,0.000783836717690617,0.20412414523193154,8015.9364385116505,1001.9920548139563,0.0024000000000000002,0.00265335679249054,10.556533020439163,2.1113066040878326
0.2,15.0,8,"Non-staggered, fourth order",0.00016,0.000783836717690617,0.20412414523193154,8015.9364385116505,1001.9920548139563,0.0024000000000000002,0.0024274563407023584,1.1440141959315906,0.2288028391863181
0.2,15.0,8,"Compact Pade, fourth order",0.00016,0.000783836717690617,0.20412414523193154,8015.9364385116505,1001.9920548139563,0.0024000000000000002,0.0024052521187557753,0.21883828149062665,0.04376765629812533
0.2,15.0,8,"Staggered Lorenz, second order",0.00016,0.000783836717690617,0.20412414523193154,8015.9364385116505,1001.9920548139563,0.0024000000000000002,0.0024602052906749967,2.5085537781248526,0.5017107556249706
0.4,15.0,4,"Non-staggered, second order",0.00032,0.0007332121111929344,0.4364357804719848,8569.39651059072,2142.34912764768,0.0048000000000000004,0.006785245829293631,41.35928811028396,16.543715244113585
0.4,15.0,4,"Non-staggered, fourth order",0.00032,0.0007332121111929344,0.4364357804719848,8569.39651059072,2142.34912764768,0.0048000000000000004,0.0054871471203226906,14.315565006722707,5.726226002689083
0.4,15.0,4,"Compact Pade, fourth order",0.00032,0.0007332121111929344,0.4364357804719848,8569.39651059072,2142.34912764768,0.0048000000000000004,0.004988138726646583,3.9195568051371317,1.5678227220548528
0.4,15.0,4,"Staggered Lorenz, second order",0.00032,0.0007332121111929344,0.4364357804719848,8569.39651059072,2142.34912764768,0.0048000000000000004,0.0052344933315764015,9.051944407841688,3.6207777631366755
0.4,15.0,6,"Non-staggered, second order",0.00032,0.0007332121111929344,0.4364357804719848,8569.39651059072,1428.23275176512,0.0048000000000000004,0.00560077292488681,16.682769268475198,6.673107707390079
0.4,15.0,6,"Non-staggered, fourth order",0.00032,0.0007332121111929344,0.4364357804719848,8569.39651059072,1428.23275176512,0.0048000000000000004,0.004945704681402265,3.035514195880509,1.2142056783522037
0.4,15.0,6,"Compact Pade, fourth order",0.00032,0.0007332121111929344,0.4364357804719848,8569.39651059072,1428.23275176512,0.0048000000000000004,0.004830853674396483,0.6427848832600456,0.25711395330401826
0.4,15.0,6,"Staggered Lorenz, second order",0.00032,0.0007332121111929344,0.4364357804719848,8569.39651059072,1428.23275176512,0.0048000000000000004,0.0049881387266465845,3.9195568051371676,1.5678227220548673
0.4,15.0,8,"Non-staggered, second order",0.00032,0.0007332121111929344,0.4364357804719848,8569.39651059072,1071.17456382384,0.0048000000000000004,0.0052344933315764015,9.051944407841688,3.6207777631366755
0.4,15.0,8,"Non-staggered, fourth order",0.00032,0.0007332121111929344,0.4364357804719848,8569.39651059072,1071.17456382384,0.0048000000000000004,0.004847945384816632,0.9988621836798216,0.3995448734719287
0.4,15.0,8,"Compact Pade, fourth order",0.00032,0.0007332121111929344,0.4364357804719848,8569.39651059072,1071.17456382384,0.0048000000000000004,0.004809187435440225,0.19140490500467888,0.07656196200187156
0.4,15.0,8,"Staggered Lorenz, second order",0.00032,0.0007332121111929344,0.4364357804719848,8569.39651059072,1071.17456382384,0.0048000000000000004,0.004904862177851276,2.1846287052349,0.87385148209396
0.6,15.0,4,"Non-staggered, second order",0.00048,0.00064,0.75,9817.477042468103,2454.3692606170257,0.0072,0.00914856811040939,27.063445977908188,16.23806758674491
0.6,15.0,4,"Non-staggered, fourth order",0.00048,0.00064,0.75,9817.477042468103,2454.3692606170257,0.0072,0.007945626252401103,10.355920172237537,6.213552103342523
0.6,15.0,4,"Compact Pade, fourth order",0.00048,0.00064,0.75,9817.477042468103,2454.3692606170257,0.0072,0.007412013898066273,2.944637473142679,1.7667824838856072
0.6,15.0,4,"Staggered Lorenz, second order",0.00048,0.00064,0.75,9817.477042468103,2454.3692606170257,0.0072,0.007680619563840241,6.6752717200033445,4.005163032002007
0.6,15.0,6,"Non-staggered, second order",0.00048,0.00064,0.75,9817.477042468103,1636.2461737446838,0.0072,0.008061403418014724,11.963936361315607,7.178361816789364
0.6,15.0,6,"Non-staggered, fourth order",0.00048,0.00064,0.75,9817.477042468103,1636.2461737446838,0.0072,0.007364718072077828,2.28775100108095,1.3726506006485701
0.6,15.0,6,"Compact Pade, fourth order",0.00048,0.00064,0.75,9817.477042468103,1636.2461737446838,0.0072,0.007235180427581414,0.48861704974186054,0.2931702298451163
0.6,15.0,6,"Staggered Lorenz, second order",0.00048,0.00064,0.75,9817.477042468103,1636.2461737446838,0.0072,0.007412013898066273,2.944637473142679,1.7667824838856072
0.6,15.0,8,"Non-staggered, second order",0.00048,0.00064,0.75,9817.477042468103,1227.1846303085129,0.0072,0.007680619563840241,6.6752717200033445,4.005163032002007
0.6,15.0,8,"Non-staggered, fourth order",0.00048,0.00064,0.75,9817.477042468103,1227.1846303085129,0.0072,0.007254599379256949,0.7583247119020754,0.4549948271412452
0.6,15.0,8,"Compact Pade, fourth order",0.00048,0.00064,0.75,9817.477042468103,1227.1846303085129,0.0072,0.0072104927494596495,0.14573263138402345,0.08743957883041407
0.6,15.0,8,"Staggered Lorenz, second order",0.00048,0.00064,0.75,9817.477042468103,1227.1846303085129,0.0072,0.007318908803796817,1.6515111638446853,0.9909066983068111
0.75,15.0,4,"Non-staggered, second order",0.0006000000000000001,0.0005291502622129182,1.1338934190276817,11874.104117237257,2968.5260293093143,0.009000000000000001,0.010463616228755997,16.262402541733287,12.196801906299966
0.75,15.0,4,"Non-staggered, fourth order",0.0006000000000000001,0.0005291502622129182,1.1338934190276817,11874.104117237257,2968.5260293093143,0.009000000000000001,0.009606477081113826,6.738634234598056,5.053975675948542
0.75,15.0,4,"Compact Pade, fourth order",0.0006000000000000001,0.0005291502622129182,1.1338934190276817,11874.104117237257,2968.5260293093143,0.009000000000000001,0.009178647039193166,1.984967102146276,1.4887253266097071
0.75,15.0,4,"Staggered Lorenz, second order",0.0006000000000000001,0.0005291502622129182,1.1338934190276817,11874.104117237257,2968.5260293093143,0.009000000000000001,0.009397848646316235,4.420540514624824,3.315405385968618
0.75,15.0,6,"Non-staggered, second order",0.0006000000000000001,0.0005291502622129182,1.1338934190276817,11874.104117237257,1979.0173528728762,0.009000000000000001,0.009695292247700204,7.725469418891137,5.794102064168354
0.75,15.0,6,"Non-staggered, fourth order",0.0006000000000000001,0.0005291502622129182,1.1338934190276817,11874.104117237257,1979.0173528728762,0.009000000000000001,0.009139228919686413,1.546987996515689,1.160240997386767
0.75,15.0,6,"Compact Pade, fourth order",0.0006000000000000001,0.0005291502622129182,1.1338934190276817,11874.104117237257,1979.0173528728762,0.009000000000000001,0.009029991753719447,0.3332417079938475,0.24993128099538564
0.75,15.0,6,"Staggered Lorenz, second order",0.0006000000000000001,0.0005291502622129182,1.1338934190276817,11874.104117237257,1979.0173528728762,0.009000000000000001,0.009178647039193166,1.984967102146276,1.4887253266097071
0.75,15.0,8,"Non-staggered, second order",0.0006000000000000001,0.0005291502622129182,1.1338934190276817,11874.104117237257,1484.2630146546571,0.009000000000000001,0.009397848646316235,4.420540514624824,3.315405385968618
0.75,15.0,8,"Non-staggered, fourth order",0.0006000000000000001,0.0005291502622129182,1.1338934190276817,11874.104117237257,1484.2630146546571,0.009000000000000001,0.009046487076888734,0.5165230765414754,0.38739230740610664
0.75,15.0,8,"Compact Pade, fourth order",0.0006000000000000001,0.0005291502622129182,1.1338934190276817,11874.104117237257,1484.2630146546571,0.009000000000000001,0.00900895977278234,0.09955303091488012,0.0746647731861601
0.75,15.0,8,"Staggered Lorenz, second order",0.0006000000000000001,0.0005291502622129182,1.1338934190276817,11874.104117237257,1484.2630146546571,0.009000000000000001,0.009100812801858612,1.120142242873458,0.8401066821550935
0.85,15.0,4,"Non-staggered, second order",0.00068,0.00042142615011410965,1.613568592779248,14909.33893276031,3727.3347331900777,0.0102,0.011162607195635804,9.437325447409837,8.021726630298362
0.85,15.0,4,"Non-staggered, fourth order",0.00068,0.00042142615011410965,1.613568592779248,14909.33893276031,3727.3347331900777,0.0102,0.010620158484999257,4.119200833326042,3.5013207083271363
0.85,15.0,4,"Compact Pade, fourth order",0.00068,0.00042142615011410965,1.613568592779248,14909.33893276031,3727.3347331900777,0.0102,0.01032703102307434,1.2454021870033234,1.058591858952825
0.85,15.0,4,"Staggered Lorenz, second order",0.00068,0.00042142615011410965,1.613568592779248,14909.33893276031,3727.3347331900777,0.0102,0.010479146493774136,2.736730331118974,2.326220781451128
0.85,15.0,6,"Non-staggered, second order",0.00068,0.00042142615011410965,1.613568592779248,14909.33893276031,2484.8898221267186,0.0102,0.010679093058516626,4.696990769770838,3.992442154305212
0.85,15.0,6,"Non-staggered, fourth order",0.00068,0.00042142615011410965,1.613568592779248,14909.33893276031,2484.8898221267186,0.0102,0.01029923998494745,0.9729410288965609,0.8269998745620768
0.85,15.0,6,"Compact Pade, fourth order",0.00068,0.00042142615011410965,1.613568592779248,14909.33893276031,2484.8898221267186,0.0102,0.01022152040991922,0.21098441097273457,0.1793367493268244
0.85,15.0,6,"Staggered Lorenz, second order",0.00068,0.00042142615011410965,1.613568592779248,14909.33893276031,2484.8898221267186,0.0102,0.01032703102307434,1.2454021870033234,1.058591858952825
0.85,15.0,8,"Non-staggered, second order",0.00068,0.00042142615011410965,1.613568592779248,14909.33893276031,1863.6673665950389,0.0102,0.010479146493774136,2.736730331118974,2.326220781451128
0.85,15.0,8,"Non-staggered, fourth order",0.00068,0.00042142615011410965,1.613568592779248,14909.33893276031,1863.6673665950389,0.0102,0.010233323013910734,0.32669621481111477,0.27769178258944754
0.85,15.0,8,"Compact Pade, fourth order",0.00068,0.00042142615011410965,1.613568592779248,14909.33893276031,1863.6673665950389,0.0102,0.01020643728018579,0.06311059005675747,0.05364400154824386
0.85,15.0,8,"Staggered Lorenz, second order",0.00068,0.00042142615011410965,1.613568592779248,14909.33893276031,1863.6673665950389,0.0102,0.010272026071808032,0.7061379589022655,0.6002172650669256
0.9,15.0,4,"Non-staggered, second order",0.00072,0.00034871191548325385,2.0647416048350564,18018.2696036417,4504.567400910425,0.0108,0.011467293862815892,6.178646877924916,5.560782190132425
0.9,15.0,4,"Non-staggered, fourth order",0.00072,0.00034871191548325385,2.0647416048350564,18018.2696036417,4504.567400910425,0.0108,0.011098711792102109,2.76584992687137,2.489264934184233
0.9,15.0,4,"Compact Pade, fourth order",0.00072,0.00034871191548325385,2.0647416048350564,18018.2696036417,4504.567400910425,0.0108,0.010891551287100447,0.8476971027819103,0.7629273925037193
0.9,15.0,4,"Staggered Lorenz, second order",0.00072,0.00034871191548325385,2.0647416048350564,18018.2696036417,4504.567400910425,0.0108,0.010999764612106161,1.849672334316303,1.6647051008846727
0.9,15.0,6,"Non-staggered, second order",0.00072,0.00034871191548325385,2.0647416048350564,18018.2696036417,3003.0449339402835,0.0108,0.011139678807756289,3.1451741458915596,2.830656731302404
0.9,15.0,6,"Non-staggered, fourth order",0.00072,0.00034871191548325385,2.0647416048350564,18018.2696036417,3003.0449339402835,0.0108,0.010871614594069186,0.6630980932331997,0.5967882839098797
0.9,15.0,6,"Compact Pade, fourth order",0.00072,0.00034871191548325385,2.0647416048350564,18018.2696036417,3003.0449339402835,0.0108,0.010815585879502475,0.14431369909698677,0.1298823291872881
0.9,15.0,6,"Staggered Lorenz, second order",0.00072,0.00034871191548325385,2.0647416048350564,18018.2696036417,3003.0449339402835,0.0108,0.010891551287100447,0.8476971027819103,0.7629273925037193
0.9,15.0,8,"Non-staggered, second order",0.00072,0.00034871191548325385,2.0647416048350564,18018.2696036417,2252.2837004552125,0.0108,0.010999764612106161,1.849672334316303,1.6647051008846727
0.9,15.0,8,"Non-staggered, fourth order",0.00072,0.00034871191548325385,2.0647416048350564,18018.2696036417,2252.2837004552125,0.0108,0.010824120555761372,0.22333847927196007,0.20100463134476407
0.9,15.0,8,"Compact Pade, fourth order",0.00072,0.00034871191548325385,2.0647416048350564,18018.2696036417,2252.2837004552125,0.0108,0.010804665379436957,0.04319795774959937,0.03887816197463943
0.9,15.0,8,"Staggered Lorenz, second order",0.00072,0.00034871191548325385,2.0647416048350564,18018.2696036417,2252.2837004552125,0.0108,0.010852041883609718,0.48186929268257017,0.43368236341431315
0.95,15.0,4,"Non-staggered, second order",0.00076,0.000249799919935936,3.0424349222966547,25152.871581347903,6288.217895336976,0.0114,0.011745618260273023,3.031739125201952,2.8801521689418546
0.95,15.0,4,"Non-staggered, fourth order",0.00076,0.000249799919935936,3.0424349222966547,25152.871581347903,6288.217895336976,0.0114,0.011558577141365331,1.3910275558362362,1.3214761780444244
0.95,15.0,4,"Compact Pade, fourth order",0.00076,0.000249799919935936,3.0424349222966547,25152.871581347903,6288.217895336976,0.0114,0.011449284538104544,0.4323205096889798,0.4107044842045308
0.95,15.0,4,"Staggered Lorenz, second order",0.00076,0.000249799919935936,3.0424349222966547,25152.871581347903,6288.217895336976,0.0114,0.011506757126057253,0.9364660180460717,0.8896427171437681
0.95,15.0,6,"Non-staggered, second order",0.00076,0.000249799919935936,3.0424349222966547,25152.871581347903,4192.1452635579835,0.0114,0.01157982991785834,1.577455419809992,1.4985826488194924
0.95,15.0,6,"Non-staggered, fourth order",0.00076,0.000249799919935936,3.0424349222966547,25152.871581347903,4192.1452635579835,0.0114,0.011438603992052532,0.33863150923273716,0.3216999337711003
0.95,15.0,6,"Compact Pade, fourth order",0.00076,0.000249799919935936,3.0424349222966547,25152.871581347903,4192.1452635579835,0.0114,0.01140843346039498,0.07397772276297793,0.07027883662482903
0.95,15.0,6,"Staggered Lorenz, second order",0.00076,0.000249799919935936,3.0424349222966547,25152.871581347903,4192.1452635579835,0.0114,0.011449284538104544,0.4323205096889798,0.4107044842045308
0.95,15.0,8,"Non-staggered, second order",0.00076,0.000249799919935936,3.0424349222966547,25152.871581347903,3144.108947668488,0.0114,0.011506757126057253,0.9364660180460717,0.8896427171437681
0.95,15.0,8,"Non-staggered, fourth order",0.00076,0.000249799919935936,3.0424349222966547,25152.871581347903,3144.108947668488,0.0114,0.011413044014814987,0.11442118258759906,0.10870012345821911
0.95,15.0,8,"Compact Pade, fourth order",0.00076,0.000249799919935936,3.0424349222966547,25152.871581347903,3144.108947668488,0.0114,0.011402526283503257,0.022160381607513612,0.021052362527137932
0.95,15.0,8,"Staggered Lorenz, second order",0.00076,0.000249799919935936,3.0424349222966547,25152.871581347903,3144.108947668488,0.0114,0.01142809038603652,0.24640689505719446,0.23408655030433476
