chi,U_m_s,PPWz,esquema,regime_analitico,k_m-1,m_m-1,k_sobre_m,lambda_z_m,dz_m,omega_intrinseca_analitica_s-1,omega_intrinseca_numerica_s-1,omega_observada_analitica_s-1,omega_observada_numerica_s-1,erro_rel_intrinseca_pct,residuo_omega_observada_sobre_N_pct
0.2,15.0,4,"Nao-alternada, 2a ordem",propagante,0.00016,0.000783836717690617,0.20412414523193154,8015.9364385116505,2003.9841096279126,0.0024000000000000002,0.003663915706895132,0.0,-0.0012639157068951318,52.66315445396382,10.532630890792765
0.2,15.0,4,"Nao-alternada, 4a ordem",propagante,0.00016,0.000783836717690617,0.20412414523193154,8015.9364385116505,2003.9841096279126,0.0024000000000000002,0.0028057494390140553,0.0,-0.0004057494390140551,16.906226625585628,3.3812453251171255
0.2,15.0,4,"Compacto (Pade), 4a ordem",propagante,0.00016,0.000783836717690617,0.20412414523193154,8015.9364385116505,2003.9841096279126,0.0024000000000000002,0.0025084313687639033,0.0,-0.00010843136876390307,4.517973698495961,0.9035947396991922
0.2,15.0,4,"Alternada (Lorenz), 2a ordem",propagante,0.00016,0.000783836717690617,0.20412414523193154,8015.9364385116505,2003.9841096279126,0.0024000000000000002,0.00265335679249054,0.0,-0.0002533567924905399,10.556533020439163,2.111306604087833
0.2,15.0,6,"Nao-alternada, 2a ordem",propagante,0.00016,0.000783836717690617,0.20412414523193154,8015.9364385116505,1335.9894064186085,0.0024000000000000002,0.0028756205601347764,0.0,-0.0004756205601347762,19.817523338949005,3.9635046677898016
0.2,15.0,6,"Nao-alternada, 4a ordem",propagante,0.00016,0.000783836717690617,0.20412414523193154,8015.9364385116505,1335.9894064186085,0.0024000000000000002,0.002483810910655544,0.0,-8.381091065554373e-05,3.4921212773143218,0.6984242554628645
0.2,15.0,6,"Compacto (Pade), 4a ordem",propagante,0.00016,0.000783836717690617,0.20412414523193154,8015.9364385116505,1335.9894064186085,0.0024000000000000002,0.002417655044940409,0.0,-1.76550449404087e-05,0.7356268725170291,0.14712537450340585
0.2,15.0,6,"Alternada (Lorenz), 2a ordem",propagante,0.00016,0.000783836717690617,0.20412414523193154,8015.9364385116505,1335.9894064186085,0.0024000000000000002,0.0025084313687639033,0.0,-0.00010843136876390307,4.517973698495961,0.9035947396991922
0.2,15.0,8,"Nao-alternada, 2a ordem",propagante,0.00016,0.000783836717690617,0.20412414523193154,8015.9364385116505,1001.9920548139563,0.0024000000000000002,0.00265335679249054,0.0,-0.0002533567924905399,10.556533020439163,2.111306604087833
0.2,15.0,8,"Nao-alternada, 4a ordem",propagante,0.00016,0.000783836717690617,0.20412414523193154,8015.9364385116505,1001.9920548139563,0.0024000000000000002,0.0024274563407023584,0.0,-2.7456340702358174e-05,1.1440141959315906,0.22880283918631814
0.2,15.0,8,"Compacto (Pade), 4a ordem",propagante,0.00016,0.000783836717690617,0.20412414523193154,8015.9364385116505,1001.9920548139563,0.0024000000000000002,0.0024052521187557753,0.0,-5.25211875577504e-06,0.21883828149062667,0.04376765629812533
0.2,15.0,8,"Alternada (Lorenz), 2a ordem",propagante,0.00016,0.000783836717690617,0.20412414523193154,8015.9364385116505,1001.9920548139563,0.0024000000000000002,0.0024602052906749967,0.0,-6.0205290674996467e-05,2.5085537781248526,0.5017107556249706
0.4,15.0,4,"Nao-alternada, 2a ordem",propagante,0.00032,0.0007332121111929344,0.4364357804719848,8569.39651059072,2142.34912764768,0.0048000000000000004,0.006785245829293631,0.0,-0.0019852458292936304,41.35928811028396,16.543715244113585
0.4,15.0,4,"Nao-alternada, 4a ordem",propagante,0.00032,0.0007332121111929344,0.4364357804719848,8569.39651059072,2142.34912764768,0.0048000000000000004,0.0054871471203226906,0.0,-0.0006871471203226901,14.315565006722707,5.726226002689084
0.4,15.0,4,"Compacto (Pade), 4a ordem",propagante,0.00032,0.0007332121111929344,0.4364357804719848,8569.39651059072,2142.34912764768,0.0048000000000000004,0.004988138726646583,0.0,-0.00018813872664658234,3.9195568051371317,1.5678227220548526
0.4,15.0,4,"Alternada (Lorenz), 2a ordem",propagante,0.00032,0.0007332121111929344,0.4364357804719848,8569.39651059072,2142.34912764768,0.0048000000000000004,0.0052344933315764015,0.0,-0.0004344933315764011,9.051944407841688,3.6207777631366755
0.4,15.0,6,"Nao-alternada, 2a ordem",propagante,0.00032,0.0007332121111929344,0.4364357804719848,8569.39651059072,1428.23275176512,0.0048000000000000004,0.00560077292488681,0.0,-0.0008007729248868094,16.682769268475194,6.673107707390079
0.4,15.0,6,"Nao-alternada, 4a ordem",propagante,0.00032,0.0007332121111929344,0.4364357804719848,8569.39651059072,1428.23275176512,0.0048000000000000004,0.004945704681402265,0.0,-0.00014570468140226445,3.0355141958805087,1.2142056783522037
0.4,15.0,6,"Compacto (Pade), 4a ordem",propagante,0.00032,0.0007332121111929344,0.4364357804719848,8569.39651059072,1428.23275176512,0.0048000000000000004,0.004830853674396483,0.0,-3.085367439648219e-05,0.6427848832600457,0.25711395330401826
0.4,15.0,6,"Alternada (Lorenz), 2a ordem",propagante,0.00032,0.0007332121111929344,0.4364357804719848,8569.39651059072,1428.23275176512,0.0048000000000000004,0.0049881387266465845,0.0,-0.00018813872664658407,3.9195568051371676,1.5678227220548673
0.4,15.0,8,"Nao-alternada, 2a ordem",propagante,0.00032,0.0007332121111929344,0.4364357804719848,8569.39651059072,1071.17456382384,0.0048000000000000004,0.0052344933315764015,0.0,-0.0004344933315764011,9.051944407841688,3.6207777631366755
0.4,15.0,8,"Nao-alternada, 4a ordem",propagante,0.00032,0.0007332121111929344,0.4364357804719848,8569.39651059072,1071.17456382384,0.0048000000000000004,0.004847945384816632,0.0,-4.7945384816631444e-05,0.9988621836798217,0.3995448734719287
0.4,15.0,8,"Compacto (Pade), 4a ordem",propagante,0.00032,0.0007332121111929344,0.4364357804719848,8569.39651059072,1071.17456382384,0.0048000000000000004,0.004809187435440225,0.0,-9.187435440224587e-06,0.19140490500467885,0.07656196200187156
0.4,15.0,8,"Alternada (Lorenz), 2a ordem",propagante,0.00032,0.0007332121111929344,0.4364357804719848,8569.39651059072,1071.17456382384,0.0048000000000000004,0.004904862177851276,0.0,-0.00010486217785127521,2.1846287052349,0.87385148209396
0.6,15.0,4,"Nao-alternada, 2a ordem",propagante,0.00048,0.00064,0.75,9817.477042468103,2454.3692606170257,0.0072,0.00914856811040939,0.0,-0.0019485681104093894,27.063445977908184,16.23806758674491
0.6,15.0,4,"Nao-alternada, 4a ordem",propagante,0.00048,0.00064,0.75,9817.477042468103,2454.3692606170257,0.0072,0.007945626252401103,0.0,-0.0007456262524011027,10.35592017223754,6.213552103342523
0.6,15.0,4,"Compacto (Pade), 4a ordem",propagante,0.00048,0.00064,0.75,9817.477042468103,2454.3692606170257,0.0072,0.007412013898066273,0.0,-0.00021201389806627287,2.944637473142679,1.7667824838856074
0.6,15.0,4,"Alternada (Lorenz), 2a ordem",propagante,0.00048,0.00064,0.75,9817.477042468103,2454.3692606170257,0.0072,0.007680619563840241,0.0,-0.00048061956384024083,6.675271720003345,4.005163032002007
0.6,15.0,6,"Nao-alternada, 2a ordem",propagante,0.00048,0.00064,0.75,9817.477042468103,1636.2461737446838,0.0072,0.008061403418014724,0.0,-0.0008614034180147237,11.963936361315607,7.178361816789364
0.6,15.0,6,"Nao-alternada, 4a ordem",propagante,0.00048,0.00064,0.75,9817.477042468103,1636.2461737446838,0.0072,0.007364718072077828,0.0,-0.0001647180720778284,2.28775100108095,1.3726506006485701
0.6,15.0,6,"Compacto (Pade), 4a ordem",propagante,0.00048,0.00064,0.75,9817.477042468103,1636.2461737446838,0.0072,0.007235180427581414,0.0,-3.518042758141396e-05,0.4886170497418606,0.2931702298451163
0.6,15.0,6,"Alternada (Lorenz), 2a ordem",propagante,0.00048,0.00064,0.75,9817.477042468103,1636.2461737446838,0.0072,0.007412013898066273,0.0,-0.00021201389806627287,2.944637473142679,1.7667824838856074
0.6,15.0,8,"Nao-alternada, 2a ordem",propagante,0.00048,0.00064,0.75,9817.477042468103,1227.1846303085129,0.0072,0.007680619563840241,0.0,-0.00048061956384024083,6.675271720003345,4.005163032002007
0.6,15.0,8,"Nao-alternada, 4a ordem",propagante,0.00048,0.00064,0.75,9817.477042468103,1227.1846303085129,0.0072,0.007254599379256949,0.0,-5.4599379256949424e-05,0.7583247119020754,0.45499482714124523
0.6,15.0,8,"Compacto (Pade), 4a ordem",propagante,0.00048,0.00064,0.75,9817.477042468103,1227.1846303085129,0.0072,0.0072104927494596495,0.0,-1.0492749459649689e-05,0.14573263138402348,0.08743957883041407
0.6,15.0,8,"Alternada (Lorenz), 2a ordem",propagante,0.00048,0.00064,0.75,9817.477042468103,1227.1846303085129,0.0072,0.007318908803796817,0.0,-0.00011890880379681733,1.6515111638446853,0.9909066983068111
0.75,15.0,4,"Nao-alternada, 2a ordem",propagante,0.0006000000000000001,0.0005291502622129182,1.1338934190276817,11874.104117237257,2968.5260293093143,0.009000000000000001,0.010463616228755997,0.0,-0.001463616228755996,16.262402541733287,12.196801906299966
0.75,15.0,4,"Nao-alternada, 4a ordem",propagante,0.0006000000000000001,0.0005291502622129182,1.1338934190276817,11874.104117237257,2968.5260293093143,0.009000000000000001,0.009606477081113826,0.0,-0.0006064770811138251,6.738634234598055,5.053975675948543
0.75,15.0,4,"Compacto (Pade), 4a ordem",propagante,0.0006000000000000001,0.0005291502622129182,1.1338934190276817,11874.104117237257,2968.5260293093143,0.009000000000000001,0.009178647039193166,0.0,-0.00017864703919316487,1.984967102146276,1.4887253266097071
0.75,15.0,4,"Alternada (Lorenz), 2a ordem",propagante,0.0006000000000000001,0.0005291502622129182,1.1338934190276817,11874.104117237257,2968.5260293093143,0.009000000000000001,0.009397848646316235,0.0,-0.00039784864631623416,4.420540514624824,3.315405385968618
0.75,15.0,6,"Nao-alternada, 2a ordem",propagante,0.0006000000000000001,0.0005291502622129182,1.1338934190276817,11874.104117237257,1979.0173528728762,0.009000000000000001,0.009695292247700204,0.0,-0.0006952922477002025,7.725469418891138,5.794102064168354
0.75,15.0,6,"Nao-alternada, 4a ordem",propagante,0.0006000000000000001,0.0005291502622129182,1.1338934190276817,11874.104117237257,1979.0173528728762,0.009000000000000001,0.009139228919686413,0.0,-0.00013922891968641202,1.546987996515689,1.160240997386767
0.75,15.0,6,"Compacto (Pade), 4a ordem",propagante,0.0006000000000000001,0.0005291502622129182,1.1338934190276817,11874.104117237257,1979.0173528728762,0.009000000000000001,0.009029991753719447,0.0,-2.9991753719446276e-05,0.3332417079938475,0.2499312809953856
0.75,15.0,6,"Alternada (Lorenz), 2a ordem",propagante,0.0006000000000000001,0.0005291502622129182,1.1338934190276817,11874.104117237257,1979.0173528728762,0.009000000000000001,0.009178647039193166,0.0,-0.00017864703919316487,1.984967102146276,1.4887253266097071
0.75,15.0,8,"Nao-alternada, 2a ordem",propagante,0.0006000000000000001,0.0005291502622129182,1.1338934190276817,11874.104117237257,1484.2630146546571,0.009000000000000001,0.009397848646316235,0.0,-0.00039784864631623416,4.420540514624824,3.315405385968618
0.75,15.0,8,"Nao-alternada, 4a ordem",propagante,0.0006000000000000001,0.0005291502622129182,1.1338934190276817,11874.104117237257,1484.2630146546571,0.009000000000000001,0.009046487076888734,0.0,-4.64870768887328e-05,0.5165230765414754,0.38739230740610664
0.75,15.0,8,"Compacto (Pade), 4a ordem",propagante,0.0006000000000000001,0.0005291502622129182,1.1338934190276817,11874.104117237257,1484.2630146546571,0.009000000000000001,0.00900895977278234,0.0,-8.959772782339212e-06,0.09955303091488013,0.07466477318616009
0.75,15.0,8,"Alternada (Lorenz), 2a ordem",propagante,0.0006000000000000001,0.0005291502622129182,1.1338934190276817,11874.104117237257,1484.2630146546571,0.009000000000000001,0.009100812801858612,0.0,-0.00010081280185861123,1.120142242873458,0.8401066821550935
0.85,15.0,4,"Nao-alternada, 2a ordem",propagante,0.00068,0.00042142615011410965,1.613568592779248,14909.33893276031,3727.3347331900777,0.0102,0.011162607195635804,0.0,-0.0009626071956358034,9.437325447409837,8.021726630298362
0.85,15.0,4,"Nao-alternada, 4a ordem",propagante,0.00068,0.00042142615011410965,1.613568592779248,14909.33893276031,3727.3347331900777,0.0102,0.010620158484999257,0.0,-0.00042015848499925637,4.119200833326043,3.5013207083271367
0.85,15.0,4,"Compacto (Pade), 4a ordem",propagante,0.00068,0.00042142615011410965,1.613568592779248,14909.33893276031,3727.3347331900777,0.0102,0.01032703102307434,0.0,-0.00012703102307433899,1.2454021870033234,1.058591858952825
0.85,15.0,4,"Alternada (Lorenz), 2a ordem",propagante,0.00068,0.00042142615011410965,1.613568592779248,14909.33893276031,3727.3347331900777,0.0102,0.010479146493774136,0.0,-0.0002791464937741354,2.736730331118974,2.326220781451128
0.85,15.0,6,"Nao-alternada, 2a ordem",propagante,0.00068,0.00042142615011410965,1.613568592779248,14909.33893276031,2484.8898221267186,0.0102,0.010679093058516626,0.0,-0.00047909305851662545,4.696990769770838,3.9924421543052118
0.85,15.0,6,"Nao-alternada, 4a ordem",propagante,0.00068,0.00042142615011410965,1.613568592779248,14909.33893276031,2484.8898221267186,0.0102,0.01029923998494745,0.0,-9.923998494744922e-05,0.972941028896561,0.8269998745620769
0.85,15.0,6,"Compacto (Pade), 4a ordem",propagante,0.00068,0.00042142615011410965,1.613568592779248,14909.33893276031,2484.8898221267186,0.0102,0.01022152040991922,0.0,-2.1520409919218927e-05,0.21098441097273457,0.1793367493268244
0.85,15.0,6,"Alternada (Lorenz), 2a ordem",propagante,0.00068,0.00042142615011410965,1.613568592779248,14909.33893276031,2484.8898221267186,0.0102,0.01032703102307434,0.0,-0.00012703102307433899,1.2454021870033234,1.058591858952825
0.85,15.0,8,"Nao-alternada, 2a ordem",propagante,0.00068,0.00042142615011410965,1.613568592779248,14909.33893276031,1863.6673665950389,0.0102,0.010479146493774136,0.0,-0.0002791464937741354,2.736730331118974,2.326220781451128
0.85,15.0,8,"Nao-alternada, 4a ordem",propagante,0.00068,0.00042142615011410965,1.613568592779248,14909.33893276031,1863.6673665950389,0.0102,0.010233323013910734,0.0,-3.332301391073371e-05,0.32669621481111477,0.2776917825894476
0.85,15.0,8,"Compacto (Pade), 4a ordem",propagante,0.00068,0.00042142615011410965,1.613568592779248,14909.33893276031,1863.6673665950389,0.0102,0.01020643728018579,0.0,-6.4372801857892625e-06,0.06311059005675747,0.05364400154824386
0.85,15.0,8,"Alternada (Lorenz), 2a ordem",propagante,0.00068,0.00042142615011410965,1.613568592779248,14909.33893276031,1863.6673665950389,0.0102,0.010272026071808032,0.0,-7.202607180803108e-05,0.7061379589022655,0.6002172650669257
0.9,15.0,4,"Nao-alternada, 2a ordem",propagante,0.00072,0.00034871191548325385,2.0647416048350564,18018.2696036417,4504.567400910425,0.0108,0.011467293862815892,0.0,-0.000667293862815891,6.178646877924916,5.560782190132425
0.9,15.0,4,"Nao-alternada, 4a ordem",propagante,0.00072,0.00034871191548325385,2.0647416048350564,18018.2696036417,4504.567400910425,0.0108,0.011098711792102109,0.0,-0.000298711792102108,2.76584992687137,2.489264934184233
0.9,15.0,4,"Compacto (Pade), 4a ordem",propagante,0.00072,0.00034871191548325385,2.0647416048350564,18018.2696036417,4504.567400910425,0.0108,0.010891551287100447,0.0,-9.155128710044633e-05,0.8476971027819105,0.7629273925037193
0.9,15.0,4,"Alternada (Lorenz), 2a ordem",propagante,0.00072,0.00034871191548325385,2.0647416048350564,18018.2696036417,4504.567400910425,0.0108,0.010999764612106161,0.0,-0.00019976461210616074,1.8496723343163028,1.664705100884673
0.9,15.0,6,"Nao-alternada, 2a ordem",propagante,0.00072,0.00034871191548325385,2.0647416048350564,18018.2696036417,3003.0449339402835,0.0108,0.011139678807756289,0.0,-0.00033967880775628845,3.1451741458915596,2.8306567313024034
0.9,15.0,6,"Nao-alternada, 4a ordem",propagante,0.00072,0.00034871191548325385,2.0647416048350564,18018.2696036417,3003.0449339402835,0.0108,0.010871614594069186,0.0,-7.161459406918556e-05,0.6630980932331996,0.5967882839098797
0.9,15.0,6,"Compacto (Pade), 4a ordem",propagante,0.00072,0.00034871191548325385,2.0647416048350564,18018.2696036417,3003.0449339402835,0.0108,0.010815585879502475,0.0,-1.5585879502474573e-05,0.14431369909698677,0.1298823291872881
0.9,15.0,6,"Alternada (Lorenz), 2a ordem",propagante,0.00072,0.00034871191548325385,2.0647416048350564,18018.2696036417,3003.0449339402835,0.0108,0.010891551287100447,0.0,-9.155128710044633e-05,0.8476971027819105,0.7629273925037193
0.9,15.0,8,"Nao-alternada, 2a ordem",propagante,0.00072,0.00034871191548325385,2.0647416048350564,18018.2696036417,2252.2837004552125,0.0108,0.010999764612106161,0.0,-0.00019976461210616074,1.8496723343163028,1.664705100884673
0.9,15.0,8,"Nao-alternada, 4a ordem",propagante,0.00072,0.00034871191548325385,2.0647416048350564,18018.2696036417,2252.2837004552125,0.0108,0.010824120555761372,0.0,-2.412055576137169e-05,0.22333847927196007,0.2010046313447641
0.9,15.0,8,"Compacto (Pade), 4a ordem",propagante,0.00072,0.00034871191548325385,2.0647416048350564,18018.2696036417,2252.2837004552125,0.0108,0.010804665379436957,0.0,-4.665379436956732e-06,0.043197957749599364,0.03887816197463943
0.9,15.0,8,"Alternada (Lorenz), 2a ordem",propagante,0.00072,0.00034871191548325385,2.0647416048350564,18018.2696036417,2252.2837004552125,0.0108,0.010852041883609718,0.0,-5.204188360971758e-05,0.48186929268257017,0.43368236341431315
0.95,15.0,4,"Nao-alternada, 2a ordem",propagante,0.00076,0.000249799919935936,3.0424349222966547,25152.871581347903,6288.217895336976,0.0114,0.011745618260273023,0.0,-0.00034561826027302255,3.031739125201952,2.880152168941854
0.95,15.0,4,"Nao-alternada, 4a ordem",propagante,0.00076,0.000249799919935936,3.0424349222966547,25152.871581347903,6288.217895336976,0.0114,0.011558577141365331,0.0,-0.00015857714136533092,1.3910275558362362,1.3214761780444244
0.95,15.0,4,"Compacto (Pade), 4a ordem",propagante,0.00076,0.000249799919935936,3.0424349222966547,25152.871581347903,6288.217895336976,0.0114,0.011449284538104544,0.0,-4.9284538104543696e-05,0.4323205096889797,0.4107044842045308
0.95,15.0,4,"Alternada (Lorenz), 2a ordem",propagante,0.00076,0.000249799919935936,3.0424349222966547,25152.871581347903,6288.217895336976,0.0114,0.011506757126057253,0.0,-0.00010675712605725217,0.9364660180460717,0.889642717143768
0.95,15.0,6,"Nao-alternada, 2a ordem",propagante,0.00076,0.000249799919935936,3.0424349222966547,25152.871581347903,4192.1452635579835,0.0114,0.01157982991785834,0.0,-0.00017982991785833909,1.5774554198099917,1.4985826488194922
0.95,15.0,6,"Nao-alternada, 4a ordem",propagante,0.00076,0.000249799919935936,3.0424349222966547,25152.871581347903,4192.1452635579835,0.0114,0.011438603992052532,0.0,-3.860399205253204e-05,0.33863150923273716,0.3216999337711003
0.95,15.0,6,"Compacto (Pade), 4a ordem",propagante,0.00076,0.000249799919935936,3.0424349222966547,25152.871581347903,4192.1452635579835,0.0114,0.01140843346039498,0.0,-8.433460394979483e-06,0.07397772276297793,0.07027883662482902
0.95,15.0,6,"Alternada (Lorenz), 2a ordem",propagante,0.00076,0.000249799919935936,3.0424349222966547,25152.871581347903,4192.1452635579835,0.0114,0.011449284538104544,0.0,-4.9284538104543696e-05,0.4323205096889797,0.4107044842045308
0.95,15.0,8,"Nao-alternada, 2a ordem",propagante,0.00076,0.000249799919935936,3.0424349222966547,25152.871581347903,3144.108947668488,0.0114,0.011506757126057253,0.0,-0.00010675712605725217,0.9364660180460717,0.889642717143768
0.95,15.0,8,"Nao-alternada, 4a ordem",propagante,0.00076,0.000249799919935936,3.0424349222966547,25152.871581347903,3144.108947668488,0.0114,0.011413044014814987,0.0,-1.3044014814986293e-05,0.11442118258759906,0.10870012345821911
0.95,15.0,8,"Compacto (Pade), 4a ordem",propagante,0.00076,0.000249799919935936,3.0424349222966547,25152.871581347903,3144.108947668488,0.0114,0.011402526283503257,0.0,-2.5262835032565517e-06,0.022160381607513612,0.02105236252713793
0.95,15.0,8,"Alternada (Lorenz), 2a ordem",propagante,0.00076,0.000249799919935936,3.0424349222966547,25152.871581347903,3144.108947668488,0.0114,0.01142809038603652,0.0,-2.809038603652017e-05,0.24640689505719449,0.23408655030433476
