scheme,k_over_m,vertical_wavelength_m,PPWz,dz_m,relative_frequency_error_pct,observed_order_last_four_resolutions
"Non-staggered, second order",1.0,2000.0,4.0,500.0,19.29790952552345,1.9912075597833356
"Non-staggered, second order",1.0,2000.0,5.0,400.0,12.766495598084976,1.9912075597833356
"Non-staggered, second order",1.0,2000.0,6.0,333.3333333333333,8.981938736727777,1.9912075597833356
"Non-staggered, second order",1.0,2000.0,8.0,250.0,5.101133884967734,1.9912075597833356
"Non-staggered, second order",1.0,2000.0,10.0,200.0,3.2756948347654213,1.9912075597833356
"Non-staggered, second order",1.0,2000.0,12.0,166.66666666666666,2.278293404136874,1.9912075597833356
"Non-staggered, second order",1.0,2000.0,16.0,125.0,1.2832551042578635,1.9912075597833356
"Non-staggered, fourth order",1.0,2000.0,4.0,500.0,7.816909150291294,3.9254119471846183
"Non-staggered, fourth order",1.0,2000.0,5.0,400.0,3.4997406157741917,3.9254119471846183
"Non-staggered, fourth order",1.0,2000.0,6.0,333.3333333333333,1.7738992567358762,3.9254119471846183
"Non-staggered, fourth order",1.0,2000.0,8.0,250.0,0.5909673982988286,3.9254119471846183
"Non-staggered, fourth order",1.0,2000.0,10.0,200.0,0.24813288091591074,3.9254119471846183
"Non-staggered, fourth order",1.0,2000.0,12.0,166.66666666666666,0.12131856124793948,3.9254119471846183
"Non-staggered, fourth order",1.0,2000.0,16.0,125.0,0.038922277812200326,3.9254119471846183
"Compact Pade, fourth order",1.0,2000.0,4.0,500.0,2.278293404136874,4.078901460520777
"Compact Pade, fourth order",1.0,2000.0,5.0,400.0,0.8379371383425223,4.078901460520777
"Compact Pade, fourth order",1.0,2000.0,6.0,333.3333333333333,0.38112014414598505,4.078901460520777
"Compact Pade, fourth order",1.0,2000.0,8.0,250.0,0.11379917764878751,4.078901460520777
"Compact Pade, fourth order",1.0,2000.0,10.0,200.0,0.04538457900223166,4.078901460520777
"Compact Pade, fourth order",1.0,2000.0,12.0,166.66666666666666,0.02157275806682166,4.078901460520777
"Compact Pade, fourth order",1.0,2000.0,16.0,125.0,0.006728569513583152,4.078901460520777
"Staggered Lorenz, second order",1.0,2000.0,4.0,500.0,5.101133884967734,1.9984263836984228
"Staggered Lorenz, second order",1.0,2000.0,5.0,400.0,3.2756948347654213,1.9984263836984228
"Staggered Lorenz, second order",1.0,2000.0,6.0,333.3333333333333,2.278293404136874,1.9984263836984228
"Staggered Lorenz, second order",1.0,2000.0,8.0,250.0,1.2832551042578635,1.9984263836984228
"Staggered Lorenz, second order",1.0,2000.0,10.0,200.0,0.821738738665107,1.9984263836984228
"Staggered Lorenz, second order",1.0,2000.0,12.0,166.66666666666666,0.5708140972657016,1.9984263836984228
"Staggered Lorenz, second order",1.0,2000.0,16.0,125.0,0.32116988299673066,1.9984263836984228
"Non-staggered, second order",0.5,2000.0,4.0,500.0,38.11472438541154,2.042940297599393
"Non-staggered, second order",0.5,2000.0,5.0,400.0,23.25693833940765,2.042940297599393
"Non-staggered, second order",0.5,2000.0,6.0,333.3333333333333,15.691282627427515,2.042940297599393
"Non-staggered, second order",0.5,2000.0,8.0,250.0,8.563902440404211,2.042940297599393
"Non-staggered, second order",0.5,2000.0,10.0,200.0,5.402687781059876,2.042940297599393
"Non-staggered, second order",0.5,2000.0,12.0,166.66666666666666,3.722357092085043,2.042940297599393
"Non-staggered, second order",0.5,2000.0,16.0,125.0,2.0773341672334427,2.042940297599393
"Non-staggered, fourth order",0.5,2000.0,4.0,500.0,13.489543882711002,3.9323830533024258
"Non-staggered, fourth order",0.5,2000.0,5.0,400.0,5.784598111747861,3.9323830533024258
"Non-staggered, fourth order",0.5,2000.0,6.0,333.3333333333333,2.884649620780618,3.9323830533024258
"Non-staggered, fourth order",0.5,2000.0,8.0,250.0,0.9506168746516138,3.9323830533024258
"Non-staggered, fourth order",0.5,2000.0,10.0,200.0,0.3979021595533139,3.9323830533024258
"Non-staggered, fourth order",0.5,2000.0,12.0,166.66666666666666,0.19432198337602924,3.9323830533024258
"Non-staggered, fourth order",0.5,2000.0,16.0,125.0,0.062297471016199736,3.9323830533024258
"Compact Pade, fourth order",0.5,2000.0,4.0,500.0,3.722357092085026,4.08024344407064
"Compact Pade, fourth order",0.5,2000.0,5.0,400.0,1.3509244738728408,4.08024344407064
"Compact Pade, fourth order",0.5,2000.0,6.0,333.3333333333333,0.6118945514083401,4.08024344407064
"Compact Pade, fourth order",0.5,2000.0,8.0,250.0,0.1822654512700992,4.08024344407064
"Compact Pade, fourth order",0.5,2000.0,10.0,200.0,0.07264500490714013,4.08024344407064
"Compact Pade, fourth order",0.5,2000.0,12.0,166.66666666666666,0.034523116363091265,4.08024344407064
"Compact Pade, fourth order",0.5,2000.0,16.0,125.0,0.010766363220754457,4.08024344407064
"Staggered Lorenz, second order",0.5,2000.0,4.0,500.0,8.563902440404211,2.0109150719958526
"Staggered Lorenz, second order",0.5,2000.0,5.0,400.0,5.402687781059876,2.0109150719958526
"Staggered Lorenz, second order",0.5,2000.0,6.0,333.3333333333333,3.722357092085043,2.0109150719958526
"Staggered Lorenz, second order",0.5,2000.0,8.0,250.0,2.0773341672334427,2.0109150719958526
"Staggered Lorenz, second order",0.5,2000.0,10.0,200.0,1.3246133807147233,2.0109150719958526
"Staggered Lorenz, second order",0.5,2000.0,12.0,166.66666666666666,0.9180304764317568,2.0109150719958526
"Staggered Lorenz, second order",0.5,2000.0,16.0,125.0,0.5153635625602545,2.0109150719958526
"Non-staggered, second order",2.0,2000.0,4.0,500.0,6.536398219670961,1.942991467472436
"Non-staggered, second order",2.0,2000.0,5.0,400.0,4.566971568982783,1.942991467472436
"Non-staggered, second order",2.0,2000.0,6.0,333.3333333333333,3.3190396967720157,1.942991467472436
"Non-staggered, second order",2.0,2000.0,8.0,250.0,1.9498889004163091,1.942991467472436
"Non-staggered, second order",2.0,2000.0,10.0,200.0,1.2724804716359106,1.942991467472436
"Non-staggered, second order",2.0,2000.0,12.0,166.66666666666666,0.892912040905249,1.942991467472436
"Non-staggered, second order",2.0,2000.0,16.0,125.0,0.5074241885795046,1.942991467472436
"Non-staggered, fourth order",2.0,2000.0,4.0,500.0,2.9178526520313426,3.918487264281781
"Non-staggered, fourth order",2.0,2000.0,5.0,400.0,1.3568154046617886,3.918487264281781
"Non-staggered, fourth order",2.0,2000.0,6.0,333.3333333333333,0.69836441516132,3.918487264281781
"Non-staggered, fourth order",2.0,2000.0,8.0,250.0,0.23513462665795604,3.918487264281781
"Non-staggered, fourth order",2.0,2000.0,10.0,200.0,0.0990318668818631,3.918487264281781
"Non-staggered, fourth order",2.0,2000.0,12.0,166.66666666666666,0.0484744818340499,3.918487264281781
"Non-staggered, fourth order",2.0,2000.0,16.0,125.0,0.01556345874244202,3.918487264281781
"Compact Pade, fourth order",2.0,2000.0,4.0,500.0,0.8929120409052329,4.077561186419221
"Compact Pade, fourth order",2.0,2000.0,5.0,400.0,0.3326612233513663,4.077561186419221
"Compact Pade, fourth order",2.0,2000.0,6.0,333.3333333333333,0.1519264747573734,4.077561186419221
"Compact Pade, fourth order",2.0,2000.0,8.0,250.0,0.045473085500691394,4.077561186419221
"Compact Pade, fourth order",2.0,2000.0,10.0,200.0,0.018146418707933817,4.077561186419221
"Compact Pade, fourth order",2.0,2000.0,12.0,166.66666666666666,0.008627428085639904,4.077561186419221
"Compact Pade, fourth order",2.0,2000.0,16.0,125.0,0.002691264827612966,4.077561186419221
"Staggered Lorenz, second order",2.0,2000.0,4.0,500.0,1.9498889004163091,1.9861529828468338
"Staggered Lorenz, second order",2.0,2000.0,5.0,400.0,1.2724804716359106,1.9861529828468338
"Staggered Lorenz, second order",2.0,2000.0,6.0,333.3333333333333,0.892912040905249,1.9861529828468338
"Staggered Lorenz, second order",2.0,2000.0,8.0,250.0,0.5074241885795046,1.9861529828468338
"Staggered Lorenz, second order",2.0,2000.0,10.0,200.0,0.3262778470462688,1.9861529828468338
"Staggered Lorenz, second order",2.0,2000.0,12.0,166.66666666666666,0.2271571077080339,1.9861529828468338
"Staggered Lorenz, second order",2.0,2000.0,16.0,125.0,0.12809740680129153,1.9861529828468338
